chart_year,chart_weeks_in_year,cohort_censored,chart_slots,unique_songs,new_song_debuts,top40_debut_cohort,kpi_debut_peak_rate_pct,kpi_chart_half_life_weeks,kpi_durability_rate_pct,kpi_catalog_crowding_pct,kpi_breakthrough_artists,avg_weeks_on_chart_per_slot,pct_slots_20wk_plus,pct_slots_52wk_plus,distinct_number_ones,pct_slots_collaboration,pct_slots_holiday
1958,22,0,2200,352,352,160,16.9,13.0,2.5,0.0,36,5.5,0.1,0.0,8,2.3,0.6
1959,52,0,5200,663,573,253,0.0,14,2.0,0.0,59,6.7,0.6,0.0,16,4.1,0.1
1960,52,0,5200,683,590,269,0.0,13,1.9,0.3,47,6.6,0.8,0.0,19,4.5,0.5
1961,52,0,5200,783,685,303,0.0,11,0.7,1.0,54,5.8,0.4,0.0,22,2.8,0.5
1962,52,0,5200,768,668,285,0.0,11,1.1,1.6,53,6.0,0.7,0.0,21,2.1,0.8
1963,52,0,5200,754,662,289,0.0,11,0.3,0.0,63,5.5,0.1,0.0,21,2.1,0.2
1964,52,0,5200,811,717,300,0.0,10.0,0.3,0.3,53,5.2,0.1,0.0,23,3.2,0.0
1965,52,0,5200,800,706,326,0.0,10.0,0.3,0.2,52,5.1,0.1,0.0,27,2.6,0.0
1966,53,0,5300,832,740,327,0.0,10,0.0,0.5,48,5.1,0.3,0.0,27,2.4,0.0
1967,52,0,5200,827,736,328,0.0,10.0,0.0,0.2,46,5.0,0.0,0.0,19,2.3,0.2
1968,52,0,5200,772,679,276,0.0,11.0,0.4,0.6,47,5.4,0.2,0.0,16,2.6,0.2
1969,52,0,5200,762,667,279,0.0,11,0.0,0.9,36,5.6,0.3,0.0,17,2.1,0.1
1970,52,0,5200,728,633,244,0.0,13.0,0.4,0.5,42,5.9,0.2,0.0,21,2.0,0.2
1971,52,0,5200,703,612,250,0.0,12.0,0.4,0.6,51,6.1,0.6,0.0,19,2.3,0.0
1972,53,0,5300,680,583,256,0.0,12.0,0.0,0.7,51,6.1,0.2,0.0,22,3.1,0.0
1973,52,0,5200,603,506,235,0.0,14,0.9,0.6,40,6.9,0.8,0.0,27,1.5,0.1
1974,52,0,5200,589,494,251,0.0,15,0.8,0.7,46,7.2,1.0,0.0,36,2.4,0.0
1975,52,0,5200,648,556,258,0.0,14.0,1.9,0.6,50,6.8,0.7,0.0,35,1.2,0.1
1976,52,0,5200,620,524,222,0.0,16.0,4.1,1.5,47,7.5,2.8,0.0,26,1.5,0.0
1977,53,0,5300,572,468,219,0.5,17,8.7,0.9,41,8.1,3.5,0.0,29,0.8,0.0
1978,52,0,5200,535,441,232,0.0,16.0,2.6,0.6,32,8.2,4.2,0.0,20,2.0,0.3
1979,52,0,5200,574,483,236,0.0,15.0,2.1,0.0,25,7.5,1.8,0.0,24,0.9,0.1
1980,52,0,5200,547,450,221,0.0,16,5.4,0.2,27,7.9,2.8,0.0,17,1.4,0.4
1981,52,0,5200,513,410,208,0.0,17.0,5.3,0.4,21,8.6,4.4,0.0,17,2.8,0.1
1982,52,0,5200,530,429,230,0.0,16.0,7.0,0.5,35,8.1,3.7,0.0,16,1.9,0.0
1983,53,0,5300,544,440,219,0.0,16,4.1,0.4,34,8.1,3.5,0.0,17,2.0,0.3
1984,52,0,5200,527,431,222,0.0,17.0,4.5,0.6,37,8.2,3.5,0.0,20,2.0,0.2
1985,52,0,5200,501,404,214,0.0,17.5,1.9,0.2,36,8.4,2.7,0.0,27,2.6,0.1
1986,52,0,5200,501,396,219,0.0,17,2.7,0.8,45,8.5,2.9,0.0,31,2.4,0.0
1987,52,0,5200,492,388,210,0.0,18.0,3.3,0.5,38,8.6,2.9,0.0,30,2.1,0.5
1988,53,0,5300,485,380,211,0.0,18,6.2,1.5,30,9.1,4.8,0.0,33,1.4,0.2
1989,52,0,5200,486,385,213,0.0,18,5.6,2.4,39,8.9,4.6,0.0,33,2.9,0.1
1990,52,0,5187,474,377,215,0.0,18,4.2,0.9,48,8.9,4.6,0.0,26,4.1,0.0
1991,52,0,5200,476,380,203,0.0,19,3.0,0.6,42,8.8,4.2,0.0,27,3.4,0.0
1992,52,0,5200,452,358,176,0.0,20.0,14.8,0.8,28,9.7,4.0,0.0,13,2.0,0.0
1993,52,0,5200,439,341,151,0.0,20,18.5,0.4,27,10.0,7.3,0.0,11,2.6,0.1
1994,53,0,5300,432,338,147,0.0,20,28.6,0.2,26,10.4,8.3,0.0,10,3.2,0.1
1995,52,0,5200,430,332,138,5.1,20.0,31.2,0.3,28,11.0,11.5,0.0,12,4.0,0.0
1996,52,0,5200,406,306,134,6.0,20.0,25.4,0.9,23,11.6,12.0,0.1,9,9.2,0.0
1997,52,0,5200,422,327,142,4.9,20.0,23.2,0.6,31,11.1,10.7,0.3,10,13.7,0.1
1998,52,0,5200,457,355,162,10.5,20.0,16.7,0.7,36,11.4,11.5,0.6,16,16.2,0.1
1999,52,0,5200,417,310,168,1.2,20.0,16.1,0.8,30,10.2,7.2,0.0,15,14.0,0.4
2000,53,0,5300,413,316,157,0.6,20,22.3,0.6,22,11.6,11.7,0.3,18,14.4,0.2
2001,52,0,5200,387,288,160,1.2,20.0,19.4,0.8,26,11.3,9.7,0.1,15,15.1,0.0
2002,52,0,5200,399,302,160,0.0,20.0,20.0,0.6,29,11.4,9.8,0.1,9,21.3,0.0
2003,52,0,5200,404,307,160,2.5,20.0,20.0,0.0,20,10.8,8.1,0.0,12,23.7,0.1
2004,52,0,5200,398,303,163,1.8,20,22.7,0.0,23,11.4,11.0,0.0,12,24.0,0.0
2005,53,0,5300,441,344,160,5.6,20.0,26.9,0.1,27,11.0,10.4,0.0,8,20.2,0.6
2006,52,0,5200,471,366,156,4.5,20.0,28.2,0.5,32,11.4,12.4,0.2,19,21.9,0.0
2007,52,0,5200,462,352,164,7.9,20.0,21.3,0.6,27,11.4,11.4,0.3,18,24.3,0.2
2008,52,0,5200,511,411,177,20.9,20,23.7,0.5,24,11.2,11.6,0.0,14,25.4,0.1
2009,52,0,5200,547,429,179,22.9,20,22.3,0.9,23,11.2,11.5,0.5,13,23.1,0.0
2010,52,0,5200,588,474,197,33.5,20,21.3,2.1,13,11.4,12.1,0.4,17,30.0,0.1
2011,53,0,5300,610,484,174,31.0,20.0,25.3,1.8,13,11.3,12.6,0.0,14,31.5,0.3
2012,52,0,5200,483,363,137,21.9,22,34.3,2.1,15,12.9,17.2,0.6,13,29.7,0.1
2013,52,0,5200,499,381,158,16.5,20.0,29.7,2.4,23,12.9,16.2,1.1,11,31.7,0.1
2014,52,0,5200,471,361,152,15.8,20.0,27.6,2.1,26,13.1,16.1,1.3,10,27.6,0.2
2015,52,0,5200,500,392,131,18.3,21,40.5,0.7,17,12.6,16.8,0.2,9,25.6,0.1
2016,53,0,5300,530,410,154,27.9,20.0,33.1,2.0,19,12.4,16.7,0.0,11,29.3,0.2
2017,52,0,5200,567,453,143,26.6,21,35.0,1.1,25,12.2,16.7,0.0,12,32.4,0.4
2018,52,0,5200,704,595,219,53.9,15,24.2,1.7,27,11.4,15.1,0.2,12,24.6,0.9
2019,52,0,5200,630,518,174,40.8,20.0,25.3,1.6,20,12.3,17.6,0.0,16,19.0,1.3
2020,52,0,5200,804,674,252,63.5,13.0,15.5,2.2,27,12.0,17.0,0.3,22,26.0,2.0
2021,52,0,5200,787,654,235,58.3,15,19.1,3.8,20,11.8,15.4,1.0,19,21.0,2.3
2022,53,0,5300,764,631,260,69.6,10.0,16.9,6.4,23,13.1,19.3,1.8,14,12.8,3.2
2023,52,0,5200,777,619,256,69.9,8.0,13.3,5.8,22,13.0,20.8,1.1,19,14.2,2.8
2024,52,0,5200,771,624,256,72.7,7.0,19.1,5.1,23,12.6,18.7,1.4,18,12.1,2.3
2025,52,1,5200,727,582,185,55.7,17,28.1,7.9,14,15.8,25.9,4.2,10,10.0,3.3
2026,34,1,3400,623,443,165,77.0,6,7.9,6.2,7,12.5,21.2,0.6,12,6.7,1.2
